SEASON_ID,Player_ID,Game_ID,GAME_DATE,MATCHUP,WL,MIN,FGM,FGA,FG_PCT,FG3M,FG3A,FG3_PCT,FTM,FTA,FT_PCT,OREB,DREB,REB,AST,STL,BLK,TOV,PF,PTS,PLUS_MINUS,VIDEO_AVAILABLE,game_date,mean_sentiment,min_sentiment,max_sentiment,pos_share,neg_share,post_count,avg_delta_days,min_delta_days,max_delta_days,has_sentiment_data
22022,1629029,22200013,"OCT 19, 2022",DAL @ PHX,L,37,10,23,0.435,2,10,0.2,13,13,1.0,0,9,9,6,1,0,4,3,35,-16,1,2022-10-19,0.0,0.0,0.0,0.0,0.0,0.0,,,,False
22022,1629029,22200034,"OCT 22, 2022",DAL vs. MEM,W,30,12,23,0.522,4,9,0.444,4,5,0.8,2,5,7,10,2,2,3,2,32,31,1,2022-10-22,0.0,0.0,0.0,0.0,0.0,0.0,,,,False
22022,1629029,22200053,"OCT 25, 2022",DAL @ NOP,L,36,16,30,0.533,2,13,0.154,3,5,0.6,3,8,11,7,2,1,3,3,37,6,1,2022-10-25,0.0,0.0,0.0,0.0,0.0,0.0,,,,False
22022,1629029,22200066,"OCT 27, 2022",DAL @ BKN,W,41,14,28,0.5,2,6,0.333,11,13,0.846,1,10,11,14,3,0,5,2,41,20,1,2022-10-27,0.0,0.0,0.0,0.0,0.0,0.0,,,,False
22022,1629029,22200086,"OCT 29, 2022",DAL vs. OKC,L,40,8,23,0.348,0,6,0.0,15,19,0.789,2,14,16,10,1,0,3,6,31,-25,1,2022-10-29,0.0,0.0,0.0,0.0,0.0,0.0,,,,False
22022,1629029,22200093,"OCT 30, 2022",DAL vs. ORL,W,37,17,26,0.654,2,9,0.222,8,14,0.571,0,3,3,5,1,0,0,3,44,13,1,2022-10-30,0.0,0.0,0.0,0.0,0.0,0.0,,,,False
22022,1629029,22200115,"NOV 02, 2022",DAL vs. UTA,W,35,12,20,0.6,2,6,0.333,7,10,0.7,0,5,5,11,2,0,5,3,33,-3,1,2022-11-02,0.0,0.0,0.0,0.0,0.0,0.0,,,,False
22022,1629029,22200127,"NOV 04, 2022",DAL vs. TOR,W,37,10,15,0.667,3,6,0.5,12,14,0.857,1,7,8,6,3,1,4,4,35,8,1,2022-11-04,0.0,0.0,0.0,0.0,0.0,0.0,,,,False
22022,1629029,22200155,"NOV 07, 2022",DAL vs. BKN,W,38,11,22,0.5,5,9,0.556,9,12,0.75,0,6,6,6,2,1,5,5,36,1,1,2022-11-07,0.0,0.0,0.0,0.0,0.0,0.0,,,,False
22022,1629029,22200161,"NOV 09, 2022",DAL @ ORL,L,35,9,29,0.31,2,11,0.182,4,7,0.571,0,6,6,6,3,2,0,3,24,-3,1,2022-11-09,0.0,0.0,0.0,0.0,0.0,0.0,,,,False
22022,1629029,22200172,"NOV 10, 2022",DAL @ WAS,L,39,8,21,0.381,3,8,0.375,3,9,0.333,0,9,9,6,2,0,5,2,22,-6,1,2022-11-10,0.0,0.0,0.0,0.0,0.0,0.0,,,,False
22022,1629029,22200190,"NOV 12, 2022",DAL vs. POR,W,38,13,22,0.591,1,5,0.2,15,18,0.833,3,10,13,10,2,1,2,3,42,6,1,2022-11-12,0.0,0.0,0.0,0.0,0.0,0.0,,,,False
22022,1629029,22200207,"NOV 15, 2022",DAL vs. LAC,W,40,11,22,0.5,2,5,0.4,11,11,1.0,2,9,11,5,3,0,3,3,35,4,1,2022-11-15,0.0,0.0,0.0,0.0,0.0,0.0,,,,False
22022,1629029,22200230,"NOV 18, 2022",DAL vs. DEN,W,35,11,22,0.5,2,7,0.286,9,11,0.818,1,11,12,11,1,0,2,1,33,25,1,2022-11-18,0.0,0.0,0.0,0.0,0.0,0.0,,,,False
22022,1629029,22200246,"NOV 20, 2022",DAL vs. DEN,L,36,7,16,0.438,2,8,0.25,6,10,0.6,0,9,9,8,1,0,4,2,22,1,1,2022-11-20,0.0,0.0,0.0,0.0,0.0,0.0,,,,False
22022,1629029,22200264,"NOV 23, 2022",DAL @ BOS,L,40,17,28,0.607,3,8,0.375,5,9,0.556,1,7,8,9,0,0,5,4,42,-13,1,2022-11-23,0.0,0.0,0.0,0.0,0.0,0.0,,,,False
22022,1629029,22200286,"NOV 26, 2022",DAL @ TOR,L,43,8,15,0.533,2,4,0.5,6,9,0.667,0,7,7,9,2,1,4,2,24,2,1,2022-11-26,0.0,0.0,0.0,0.0,0.0,0.0,,,,False
22022,1629029,22200298,"NOV 27, 2022",DAL @ MIL,L,35,10,20,0.5,3,7,0.429,4,9,0.444,0,5,5,12,0,0,6,2,27,-10,1,2022-11-27,0.0,0.0,0.0,0.0,0.0,0.0,,,,False
22022,1629029,22200310,"NOV 29, 2022",DAL vs. GSW,W,39,14,27,0.519,4,9,0.444,9,15,0.6,2,10,12,12,4,1,5,3,41,22,1,2022-11-29,0.0,0.0,0.0,0.0,0.0,0.0,,,,False
22022,1629029,22200325,"DEC 01, 2022",DAL @ DET,L,41,13,25,0.52,7,14,0.5,2,6,0.333,0,5,5,10,3,0,3,3,35,-13,1,2022-12-01,0.0,0.0,0.0,0.0,0.0,0.0,,,,False
22022,1629029,22200337,"DEC 03, 2022",DAL @ NYK,W,29,11,21,0.524,4,9,0.444,4,4,1.0,0,8,8,7,1,3,5,2,30,13,1,2022-12-03,0.0,0.0,0.0,0.0,0.0,0.0,,,,False
22022,1629029,22200358,"DEC 05, 2022",DAL vs. PHX,W,29,12,20,0.6,4,9,0.444,5,7,0.714,1,5,6,8,1,2,3,3,33,20,1,2022-12-05,0.0,0.0,0.0,0.0,0.0,0.0,,,,False
22022,1629029,22200362,"DEC 06, 2022",DAL @ DEN,W,37,5,17,0.294,4,9,0.444,8,9,0.889,0,10,10,12,0,1,5,2,22,7,1,2022-12-06,0.0,0.0,0.0,0.0,0.0,0.0,,,,False
22022,1629029,22200386,"DEC 09, 2022",DAL vs. MIL,L,37,13,28,0.464,3,11,0.273,4,10,0.4,1,5,6,11,2,0,1,2,33,6,1,2022-12-09,0.0,0.0,0.0,0.0,0.0,0.0,,,,False
22022,1629029,22200405,"DEC 12, 2022",DAL vs. OKC,W,37,13,27,0.481,3,10,0.3,9,10,0.9,0,11,11,8,0,0,4,3,38,1,1,2022-12-12,0.0,0.0,0.0,0.0,0.0,0.0,,,,False
22022,1629029,22200421,"DEC 14, 2022",DAL vs. CLE,L,39,9,23,0.391,2,8,0.25,10,11,0.909,2,3,5,6,1,1,5,4,30,-21,1,2022-12-14,0.0,0.0,0.0,0.0,0.0,0.0,,,,False
22022,1629029,22200436,"DEC 16, 2022",DAL vs. POR,W,29,11,18,0.611,5,9,0.556,6,7,0.857,0,6,6,9,0,0,4,3,33,16,1,2022-12-16,0.0,0.0,0.0,0.0,0.0,0.0,,,,False
22022,1629029,22200456,"DEC 19, 2022",DAL @ MIN,L,28,5,17,0.294,3,8,0.375,6,7,0.857,1,5,6,7,1,0,4,2,19,-14,1,2022-12-19,0.0,0.0,0.0,0.0,0.0,0.0,,,,False
22022,1629029,22200473,"DEC 21, 2022",DAL @ MIN,W,37,8,16,0.5,1,5,0.2,8,9,0.889,1,8,9,10,3,0,4,1,25,7,1,2022-12-21,0.0,0.0,0.0,0.0,0.0,0.0,,,,False
22022,1629029,22200487,"DEC 23, 2022",DAL @ HOU,W,42,17,30,0.567,6,12,0.5,10,12,0.833,0,8,8,10,3,0,7,3,50,0,1,2022-12-23,0.0,0.0,0.0,0.0,0.0,0.0,,,,False
22022,1629029,22200494,"DEC 25, 2022",DAL vs. LAL,W,39,9,16,0.563,2,3,0.667,12,16,0.75,3,6,9,9,2,0,3,5,32,24,1,2022-12-25,0.0,0.0,0.0,0.0,0.0,0.0,,,,False
22022,1629029,22200512,"DEC 27, 2022",DAL vs. NYK,W,47,21,31,0.677,2,6,0.333,16,22,0.727,5,16,21,10,2,1,4,5,60,7,1,2022-12-27,0.0,0.0,0.0,0.0,0.0,0.0,,,,False
22022,1629029,22200528,"DEC 29, 2022",DAL vs. HOU,W,34,11,21,0.524,4,9,0.444,9,12,0.75,1,11,12,13,1,2,2,1,35,19,1,2022-12-29,0.0,0.0,0.0,0.0,0.0,0.0,,,,False
22022,1629029,22200542,"DEC 31, 2022",DAL @ SAS,W,37,18,29,0.621,6,10,0.6,9,15,0.6,1,5,6,9,4,1,0,3,51,7,1,2022-12-31,0.0,0.0,0.0,0.0,0.0,0.0,,,,False
22022,1629029,22200556,"JAN 02, 2023",DAL @ HOU,W,41,10,26,0.385,1,9,0.111,18,22,0.818,2,10,12,8,1,0,4,2,39,9,1,2023-01-02,0.0,0.0,0.0,0.0,0.0,0.0,,,,False
22022,1629029,22200577,"JAN 05, 2023",DAL vs. BOS,L,31,7,23,0.304,0,6,0.0,9,11,0.818,0,9,9,3,0,0,4,4,23,-20,1,2023-01-05,0.0,0.0,0.0,0.0,0.0,0.0,,,,False
22022,1629029,22200593,"JAN 07, 2023",DAL vs. NOP,W,39,10,23,0.435,3,6,0.5,11,15,0.733,0,10,10,10,0,1,7,4,34,7,1,2023-01-07,0.0,0.0,0.0,0.0,0.0,0.0,,,,False
22022,1629029,22200617,"JAN 10, 2023",DAL @ LAC,L,43,12,22,0.545,3,9,0.333,16,21,0.762,0,11,11,7,2,0,3,2,43,-9,1,2023-01-10,0.0,0.0,0.0,0.0,0.0,0.0,,,,False
22022,1629029,22200630,"JAN 12, 2023",DAL @ LAL,W,53,14,28,0.5,4,9,0.444,3,7,0.429,2,12,14,13,1,1,5,5,35,10,1,2023-01-12,0.0,0.0,0.0,0.0,0.0,0.0,,,,False
22022,1629029,22200647,"JAN 14, 2023",DAL @ POR,L,36,7,19,0.368,0,5,0.0,1,6,0.167,0,6,6,10,1,1,1,2,15,-17,1,2023-01-14,0.0,0.0,0.0,0.0,0.0,0.0,,,,False
22022,1629029,22200670,"JAN 18, 2023",DAL vs. ATL,L,39,9,19,0.474,2,8,0.25,10,12,0.833,0,4,4,8,0,0,7,3,30,-5,1,2023-01-18,0.0,0.0,0.0,0.0,0.0,0.0,,,,False
22022,1629029,22200686,"JAN 20, 2023",DAL vs. MIA,W,38,12,24,0.5,5,8,0.625,5,8,0.625,1,11,12,7,1,0,3,0,34,29,1,2023-01-20,0.0,0.0,0.0,0.0,0.0,0.0,,,,False
22022,1629029,22200701,"JAN 22, 2023",DAL vs. LAC,L,39,9,21,0.429,3,7,0.429,8,13,0.615,3,7,10,4,1,0,4,3,29,-23,1,2023-01-22,0.0,0.0,0.0,0.0,0.0,0.0,,,,False
22022,1629029,22200717,"JAN 24, 2023",DAL vs. WAS,L,38,16,29,0.552,0,4,0.0,9,12,0.75,0,15,15,6,1,0,3,3,41,-2,1,2023-01-24,0.0,0.0,0.0,0.0,0.0,0.0,,,,False
22022,1629029,22200734,"JAN 26, 2023",DAL @ PHX,W,3,0,2,0.0,0,1,0.0,0,0,0.0,0,1,1,0,0,0,0,0,0,-4,1,2023-01-26,0.0,0.0,0.0,0.0,0.0,0.0,,,,False
22022,1629029,22200761,"JAN 30, 2023",DAL vs. DET,W,36,17,24,0.708,5,11,0.455,14,18,0.778,0,8,8,5,2,0,4,2,53,8,1,2023-01-30,0.0,0.0,0.0,0.0,0.0,0.0,,,,False
22022,1629029,22200782,"FEB 02, 2023",DAL vs. NOP,W,23,12,19,0.632,2,7,0.286,5,8,0.625,0,8,8,4,2,0,4,2,31,17,1,2023-02-02,0.0,0.0,0.0,0.0,0.0,0.0,,,,False
22022,1629029,22200854,"FEB 11, 2023",DAL @ SAC,L,41,11,20,0.55,2,9,0.222,3,5,0.6,1,8,9,5,0,0,6,0,27,2,1,2023-02-11,0.0,0.0,0.0,0.0,0.0,0.0,,,,False
22022,1629029,22200865,"FEB 13, 2023",DAL vs. MIN,L,36,10,20,0.5,2,7,0.286,11,15,0.733,1,11,12,6,1,0,4,3,33,-12,1,2023-02-13,0.0,0.0,0.0,0.0,0.0,0.0,,,,False
22022,1629029,22200881,"FEB 15, 2023",DAL @ DEN,L,35,12,22,0.545,3,8,0.375,10,12,0.833,1,3,4,9,4,0,2,1,37,-12,1,2023-02-15,0.0,0.0,0.0,0.0,0.0,0.0,,,,False
22022,1629029,22200891,"FEB 23, 2023",DAL vs. SAS,W,30,8,16,0.5,1,6,0.167,11,12,0.917,0,7,7,10,2,2,1,0,28,8,1,2023-02-23,0.0,0.0,0.0,0.0,0.0,0.0,,,,False
22022,1629029,22200913,"FEB 26, 2023",DAL vs. LAL,L,36,10,22,0.455,4,8,0.5,2,4,0.5,0,9,9,5,1,0,6,3,26,-8,1,2023-02-26,0.0,0.0,0.0,0.0,0.0,0.0,,,,False
22022,1629029,22200929,"FEB 28, 2023",DAL vs. IND,L,38,14,25,0.56,3,9,0.333,8,12,0.667,1,7,8,6,0,1,2,3,39,-2,1,2023-02-28,0.0,0.0,0.0,0.0,0.0,0.0,,,,False
22022,1629029,22200943,"MAR 02, 2023",DAL vs. PHI,W,40,13,22,0.591,7,13,0.538,9,11,0.818,1,3,4,12,1,0,5,2,42,20,1,2023-03-02,0.0,0.0,0.0,0.0,0.0,0.0,,,,False
22022,1629029,22200962,"MAR 05, 2023",DAL vs. PHX,L,35,8,23,0.348,1,9,0.111,17,19,0.895,0,9,9,4,0,0,5,4,34,-11,1,2023-03-05,0.0,0.0,0.0,0.0,0.0,0.0,,,,False
22022,1629029,22200983,"MAR 07, 2023",DAL vs. UTA,W,34,10,23,0.435,4,11,0.364,5,8,0.625,1,9,10,6,2,1,6,2,29,2,1,2023-03-07,0.0,0.0,0.0,0.0,0.0,0.0,,,,False
22022,1629029,22200988,"MAR 08, 2023",DAL @ NOP,L,28,4,14,0.286,1,5,0.2,6,8,0.75,0,3,3,8,1,0,1,0,15,-4,1,2023-03-08,0.0,0.0,0.0,0.0,0.0,0.0,,,,False
22022,1629029,22201086,"MAR 22, 2023",DAL vs. GSW,L,41,11,27,0.407,2,10,0.2,6,10,0.6,1,6,7,17,1,0,5,3,30,2,1,2023-03-22,0.0,0.0,0.0,0.0,0.0,0.0,,,,False
22022,1629029,22201101,"MAR 24, 2023",DAL vs. CHA,L,37,12,23,0.522,2,9,0.222,8,10,0.8,0,10,10,8,0,1,5,0,34,-1,1,2023-03-24,0.0,0.0,0.0,0.0,0.0,0.0,,,,False
22022,1629029,22201113,"MAR 26, 2023",DAL @ CHA,L,40,12,29,0.414,7,16,0.438,9,10,0.9,1,11,12,8,2,2,4,2,40,-11,1,2023-03-26,0.0,0.0,0.0,0.0,0.0,0.0,,,,False
22022,1629029,22201123,"MAR 27, 2023",DAL @ IND,W,28,8,17,0.471,4,10,0.4,5,5,1.0,2,5,7,6,1,0,0,0,25,9,1,2023-03-27,0.0,0.0,0.0,0.0,0.0,0.0,,,,False
22022,1629029,22201139,"MAR 29, 2023",DAL @ PHI,L,37,9,20,0.45,4,9,0.444,2,2,1.0,1,9,10,8,0,1,4,3,24,-7,1,2023-03-29,0.0,0.0,0.0,0.0,0.0,0.0,,,,False
22022,1629029,22201161,"APR 01, 2023",DAL @ MIA,L,45,17,25,0.68,2,6,0.333,6,7,0.857,0,10,10,8,2,0,3,4,42,-6,1,2023-04-01,0.0,0.0,0.0,0.0,0.0,0.0,,,,False
22022,1629029,22201167,"APR 02, 2023",DAL @ ATL,L,44,8,21,0.381,3,12,0.25,3,4,0.75,0,7,7,7,0,1,5,2,22,-1,1,2023-04-02,0.0,0.0,0.0,0.0,0.0,0.0,,,,False
22022,1629029,22201195,"APR 05, 2023",DAL vs. SAC,W,39,9,19,0.474,3,11,0.273,8,10,0.8,1,9,10,6,1,0,1,3,29,12,1,2023-04-05,0.0,0.0,0.0,0.0,0.0,0.0,,,,False
22022,1629029,22201210,"APR 07, 2023",DAL vs. CHI,L,13,4,11,0.364,0,5,0.0,5,7,0.714,0,5,5,3,0,0,0,1,13,5,1,2023-04-07,0.0,0.0,0.0,0.0,0.0,0.0,,,,False
22023,1629029,22300073,"OCT 25, 2023",DAL @ SAS,W,34,13,25,0.52,3,11,0.273,4,7,0.571,1,12,13,10,2,0,4,1,33,4,1,2023-10-25,0.0,0.0,0.0,0.0,0.0,0.0,,,,False
22023,1629029,22300084,"OCT 27, 2023",DAL vs. BKN,W,36,16,25,0.64,9,14,0.643,8,10,0.8,1,9,10,7,0,0,0,1,49,9,1,2023-10-27,0.0,0.0,0.0,0.0,0.0,0.0,,,,False
22023,1629029,22300106,"OCT 30, 2023",DAL @ MEM,W,40,11,22,0.5,6,12,0.5,7,10,0.7,0,12,12,12,1,1,6,4,35,6,1,2023-10-30,0.0,0.0,0.0,0.0,0.0,0.0,,,,False
22023,1629029,22300124,"NOV 01, 2023",DAL vs. CHI,W,40,5,16,0.313,1,8,0.125,7,9,0.778,0,7,7,10,2,1,6,2,18,11,1,2023-11-01,0.0,0.0,0.0,0.0,0.0,0.0,,,,False
22023,1629029,22300006,"NOV 03, 2023",DAL @ DEN,L,38,11,24,0.458,6,11,0.545,6,7,0.857,3,7,10,8,0,1,9,2,34,-4,1,2023-11-03,0.0,0.0,0.0,0.0,0.0,0.0,,,,False
22023,1629029,22300143,"NOV 05, 2023",DAL vs. CHA,W,36,8,19,0.421,1,9,0.111,6,7,0.857,1,11,12,9,0,1,4,3,23,3,1,2023-11-05,0.0,0.0,0.0,0.0,0.0,0.0,,,,False
22023,1629029,22300147,"NOV 06, 2023",DAL @ ORL,W,35,9,17,0.529,5,10,0.5,6,6,1.0,0,3,3,6,2,0,6,2,29,7,1,2023-11-06,0.0,0.0,0.0,0.0,0.0,0.0,,,,False
22023,1629029,22300168,"NOV 08, 2023",DAL vs. TOR,L,38,11,26,0.423,2,10,0.2,7,10,0.7,0,7,7,8,4,1,4,3,31,-7,1,2023-11-08,0.0,0.0,0.0,0.0,0.0,0.0,,,,False
22023,1629029,22300014,"NOV 10, 2023",DAL vs. LAC,W,32,17,21,0.81,6,9,0.667,4,4,1.0,0,6,6,6,1,0,1,1,44,32,1,2023-11-10,0.0,0.0,0.0,0.0,0.0,0.0,,,,False
22023,1629029,22300183,"NOV 12, 2023",DAL @ NOP,W,28,11,18,0.611,4,9,0.444,4,5,0.8,0,4,4,9,1,0,2,0,30,14,1,2023-11-12,0.0,0.0,0.0,0.0,0.0,0.0,,,,False
22023,1629029,22300022,"NOV 14, 2023",DAL @ NOP,L,26,5,16,0.313,3,5,0.6,3,5,0.6,1,1,2,2,0,0,8,0,16,-26,1,2023-11-14,0.0,0.0,0.0,0.0,0.0,0.0,,,,False
22023,1629029,22300192,"NOV 15, 2023",DAL @ WAS,W,32,7,18,0.389,4,11,0.364,8,12,0.667,1,6,7,10,0,0,3,2,26,12,1,2023-11-15,0.0,0.0,0.0,0.0,0.0,0.0,,,,False
22023,1629029,22300205,"NOV 18, 2023",DAL @ MIL,L,35,15,26,0.577,4,9,0.444,1,4,0.25,1,8,9,9,0,0,3,1,35,-17,1,2023-11-18,0.0,0.0,0.0,0.0,0.0,0.0,,,,False
22023,1629029,22300212,"NOV 19, 2023",DAL vs. SAC,L,32,7,19,0.368,3,7,0.429,8,10,0.8,1,9,10,7,3,0,2,0,25,-14,1,2023-11-19,0.0,0.0,0.0,0.0,0.0,0.0,,,,False
22023,1629029,22300238,"NOV 22, 2023",DAL @ LAL,W,39,10,26,0.385,3,12,0.25,7,8,0.875,0,12,12,8,2,0,0,2,30,-11,1,2023-11-22,0.0,0.0,0.0,0.0,0.0,0.0,,,,False
22023,1629029,22300244,"NOV 25, 2023",DAL @ LAC,L,38,12,27,0.444,1,8,0.125,5,5,1.0,0,3,3,4,2,2,4,4,30,-14,1,2023-11-25,0.0,0.0,0.0,0.0,0.0,0.0,,,,False
22023,1629029,22300059,"NOV 28, 2023",DAL vs. HOU,W,38,15,29,0.517,3,10,0.3,8,9,0.889,0,9,9,9,2,0,0,3,41,12,1,2023-11-28,0.0,0.0,0.0,0.0,0.0,0.0,,,,False
22023,1629029,22300287,"DEC 02, 2023",DAL vs. OKC,L,46,11,22,0.5,5,13,0.385,9,14,0.643,2,13,15,18,2,2,7,2,36,-7,1,2023-12-02,0.0,0.0,0.0,0.0,0.0,0.0,,,,False
22023,1629029,22301213,"DEC 06, 2023",DAL vs. UTA,W,32,14,25,0.56,6,12,0.5,6,8,0.75,2,8,10,11,1,0,4,2,40,34,1,2023-12-06,0.0,0.0,0.0,0.0,0.0,0.0,,,,False
22023,1629029,22301226,"DEC 08, 2023",DAL @ POR,W,41,11,28,0.393,3,14,0.214,7,8,0.875,0,6,6,10,1,1,5,1,32,13,1,2023-12-08,0.0,0.0,0.0,0.0,0.0,0.0,,,,False
22023,1629029,22300299,"DEC 11, 2023",DAL @ MEM,W,44,9,21,0.429,5,10,0.5,12,13,0.923,0,8,8,6,2,2,3,3,35,3,1,2023-12-11,0.0,0.0,0.0,0.0,0.0,0.0,,,,False
22023,1629029,22300306,"DEC 12, 2023",DAL vs. LAL,W,43,12,28,0.429,3,10,0.3,6,6,1.0,0,6,6,17,1,0,4,0,33,10,1,2023-12-12,0.0,0.0,0.0,0.0,0.0,0.0,,,,False
22023,1629029,22300321,"DEC 14, 2023",DAL vs. MIN,L,39,15,27,0.556,2,7,0.286,7,7,1.0,1,5,6,13,2,0,8,2,39,-12,1,2023-12-14,0.0,0.0,0.0,0.0,0.0,0.0,,,,False
22023,1629029,22300341,"DEC 16, 2023",DAL @ POR,W,37,15,28,0.536,4,12,0.333,6,6,1.0,2,10,12,10,1,0,4,3,40,-4,1,2023-12-16,0.0,0.0,0.0,0.0,0.0,0.0,,,,False
22023,1629029,22300356,"DEC 18, 2023",DAL @ DEN,L,36,13,24,0.542,6,12,0.5,6,10,0.6,3,8,11,8,0,0,3,1,38,-29,1,2023-12-18,0.0,0.0,0.0,0.0,0.0,0.0,,,,False
22023,1629029,22300372,"DEC 20, 2023",DAL vs. LAC,L,44,9,25,0.36,2,11,0.182,8,14,0.571,1,8,9,10,1,0,5,1,28,-4,1,2023-12-20,0.0,0.0,0.0,0.0,0.0,0.0,,,,False
22023,1629029,22300398,"DEC 23, 2023",DAL vs. SAS,W,32,13,27,0.481,5,10,0.5,8,11,0.727,2,10,12,10,1,1,2,1,39,37,1,2023-12-23,0.0,0.0,0.0,0.0,0.0,0.0,,,,False
22023,1629029,22300405,"DEC 25, 2023",DAL @ PHX,W,44,15,25,0.6,8,16,0.5,12,12,1.0,1,5,6,15,4,3,4,2,50,16,1,2023-12-25,0.0,0.0,0.0,0.0,0.0,0.0,,,,False
22023,1629029,22300420,"DEC 27, 2023",DAL vs. CLE,L,37,14,29,0.483,3,10,0.3,8,10,0.8,0,7,7,6,2,2,5,0,39,-9,1,2023-12-27,0.0,0.0,0.0,0.0,0.0,0.0,,,,False
22023,1629029,22300444,"DEC 30, 2023",DAL @ GSW,W,38,14,29,0.483,5,13,0.385,6,7,0.857,0,8,8,10,1,1,4,3,39,9,1,2023-12-30,0.0,0.0,0.0,0.0,0.0,0.0,,,,False
22023,1629029,22300457,"JAN 01, 2024",DAL @ UTA,L,34,6,20,0.3,3,13,0.231,4,6,0.667,0,6,6,14,1,0,4,1,19,-17,1,2024-01-01,0.0,0.0,0.0,0.0,0.0,0.0,,,,False
22023,1629029,22300472,"JAN 03, 2024",DAL vs. POR,W,31,13,21,0.619,4,7,0.571,11,14,0.786,0,6,6,5,1,0,4,1,41,23,1,2024-01-03,0.0,0.0,0.0,0.0,0.0,0.0,,,,False
22023,1629029,22300501,"JAN 07, 2024",DAL vs. MIN,W,39,12,26,0.462,5,12,0.417,5,8,0.625,0,6,6,8,1,0,3,3,34,5,1,2024-01-07,0.0,0.0,0.0,0.0,0.0,0.0,,,,False
22023,1629029,22300515,"JAN 09, 2024",DAL vs. MEM,L,36,9,21,0.429,2,8,0.25,11,15,0.733,0,6,6,6,3,0,3,1,31,-14,1,2024-01-09,0.0,0.0,0.0,0.0,0.0,0.0,,,,False
22023,1629029,22300577,"JAN 17, 2024",DAL @ LAL,L,36,12,24,0.5,2,9,0.222,7,9,0.778,0,13,13,10,2,2,4,2,33,-15,1,2024-01-17,0.0,0.0,0.0,0.0,0.0,0.0,,,,False
22023,1629029,22300611,"JAN 22, 2024",DAL vs. BOS,L,40,12,30,0.4,2,8,0.25,7,11,0.636,5,13,18,13,2,0,3,5,33,-13,1,2024-01-22,0.0,0.0,0.0,0.0,0.0,0.0,,,,False
22023,1629029,22300625,"JAN 24, 2024",DAL vs. PHX,L,39,11,24,0.458,4,11,0.364,8,12,0.667,1,7,8,9,1,2,5,1,34,-22,1,2024-01-24,0.0,0.0,0.0,0.0,0.0,0.0,,,,False
22023,1629029,22300634,"JAN 26, 2024",DAL @ ATL,W,45,25,33,0.758,8,13,0.615,15,16,0.938,0,10,10,7,1,0,4,1,73,13,1,2024-01-26,0.0,0.0,0.0,0.0,0.0,0.0,,,,False
22023,1629029,22300651,"JAN 27, 2024",DAL vs. SAC,L,46,9,26,0.346,1,9,0.111,9,12,0.75,2,8,10,17,2,1,3,3,28,2,1,2024-01-27,0.0,0.0,0.0,0.0,0.0,0.0,,,,False
22023,1629029,22300666,"JAN 29, 2024",DAL vs. ORL,W,43,12,23,0.522,3,8,0.375,18,21,0.857,0,9,9,15,2,0,4,4,45,3,1,2024-01-29,0.0,0.0,0.0,0.0,0.0,0.0,,,,False
22023,1629029,22300702,"FEB 03, 2024",DAL vs. MIL,L,42,13,26,0.5,4,12,0.333,10,11,0.909,1,8,9,11,1,0,9,4,40,-12,1,2024-02-03,0.0,0.0,0.0,0.0,0.0,0.0,,,,False
22023,1629029,22300715,"FEB 05, 2024",DAL @ PHI,W,36,6,15,0.4,4,10,0.4,3,5,0.6,0,8,8,3,1,0,3,3,19,17,1,2024-02-05,0.0,0.0,0.0,0.0,0.0,0.0,,,,False
22023,1629029,22300720,"FEB 06, 2024",DAL @ BKN,W,43,13,27,0.481,4,11,0.364,5,10,0.5,1,17,18,9,2,1,1,3,35,6,1,2024-02-06,0.0,0.0,0.0,0.0,0.0,0.0,,,,False
22023,1629029,22300736,"FEB 08, 2024",DAL @ NYK,W,40,13,24,0.542,7,14,0.5,6,7,0.857,0,8,8,11,4,1,3,1,39,18,1,2024-02-08,0.0,0.0,0.0,0.0,0.0,0.0,,,,False
22023,1629029,22300748,"FEB 10, 2024",DAL vs. OKC,W,31,9,14,0.643,4,8,0.5,10,13,0.769,0,8,8,9,0,0,3,3,32,18,1,2024-02-10,0.0,0.0,0.0,0.0,0.0,0.0,,,,False
22023,1629029,22300768,"FEB 12, 2024",DAL vs. WAS,W,37,8,16,0.5,2,7,0.286,8,11,0.727,1,10,11,15,1,2,5,3,26,19,1,2024-02-12,0.0,0.0,0.0,0.0,0.0,0.0,,,,False
22023,1629029,22300785,"FEB 14, 2024",DAL vs. SAS,W,31,11,20,0.55,1,8,0.125,4,4,1.0,0,9,9,8,2,1,5,2,27,25,1,2024-02-14,0.0,0.0,0.0,0.0,0.0,0.0,,,,False
22023,1629029,22300796,"FEB 22, 2024",DAL vs. PHX,W,38,14,27,0.519,6,11,0.545,7,7,1.0,0,9,9,11,3,0,3,4,41,9,1,2024-02-22,0.0,0.0,0.0,0.0,0.0,0.0,,,,False
22023,1629029,22300819,"FEB 25, 2024",DAL @ IND,L,33,10,21,0.476,4,8,0.5,9,12,0.75,1,5,6,6,1,2,3,4,33,-13,1,2024-02-25,0.0,0.0,0.0,0.0,0.0,0.0,,,,False
22023,1629029,22300832,"FEB 27, 2024",DAL @ CLE,L,41,17,29,0.586,6,11,0.545,5,5,1.0,0,9,9,14,3,0,1,1,45,13,1,2024-02-27,0.0,0.0,0.0,0.0,0.0,0.0,,,,False
22023,1629029,22300844,"FEB 28, 2024",DAL @ TOR,W,36,11,23,0.478,1,8,0.125,7,9,0.778,1,11,12,16,2,0,5,3,30,11,1,2024-02-28,0.0,0.0,0.0,0.0,0.0,0.0,,,,False
22023,1629029,22300859,"MAR 01, 2024",DAL @ BOS,L,37,14,25,0.56,3,9,0.333,6,8,0.75,3,9,12,11,0,0,2,3,37,-20,1,2024-03-01,0.0,0.0,0.0,0.0,0.0,0.0,,,,False
22023,1629029,22300871,"MAR 03, 2024",DAL vs. PHI,L,40,14,27,0.519,4,10,0.4,6,6,1.0,2,9,11,10,1,0,7,2,38,9,1,2024-03-03,0.0,0.0,0.0,0.0,0.0,0.0,,,,False
22023,1629029,22300892,"MAR 05, 2024",DAL vs. IND,L,43,15,30,0.5,4,13,0.308,5,6,0.833,0,10,10,11,0,0,5,4,39,-18,1,2024-03-05,0.0,0.0,0.0,0.0,0.0,0.0,,,,False
22023,1629029,22300904,"MAR 07, 2024",DAL vs. MIA,W,40,12,24,0.5,7,13,0.538,4,4,1.0,0,11,11,11,1,0,4,2,35,11,1,2024-03-07,0.0,0.0,0.0,0.0,0.0,0.0,,,,False
22023,1629029,22300919,"MAR 09, 2024",DAL @ DET,W,37,13,24,0.542,4,13,0.308,9,10,0.9,0,10,10,10,3,2,6,1,39,13,1,2024-03-09,0.0,0.0,0.0,0.0,0.0,0.0,,,,False
22023,1629029,22300935,"MAR 11, 2024",DAL @ CHI,W,34,9,23,0.391,6,15,0.4,3,4,0.75,2,10,12,14,1,0,2,2,27,34,1,2024-03-11,0.0,0.0,0.0,0.0,0.0,0.0,,,,False
22023,1629029,22300952,"MAR 13, 2024",DAL vs. GSW,W,30,7,18,0.389,1,6,0.167,6,8,0.75,1,2,3,9,0,0,6,0,21,14,1,2024-03-13,0.0,0.0,0.0,0.0,0.0,0.0,,,,False
22023,1629029,22300978,"MAR 17, 2024",DAL vs. DEN,W,40,12,27,0.444,5,11,0.455,8,10,0.8,4,6,10,3,2,0,3,3,37,-1,1,2024-03-17,0.0,0.0,0.0,0.0,0.0,0.0,,,,False
22023,1629029,22300994,"MAR 19, 2024",DAL @ SAS,W,40,6,27,0.222,2,12,0.167,4,5,0.8,0,10,10,16,1,0,4,0,18,5,1,2024-03-19,0.0,0.0,0.0,0.0,0.0,0.0,,,,False
22023,1629029,22301008,"MAR 21, 2024",DAL vs. UTA,W,35,11,23,0.478,4,10,0.4,8,12,0.667,1,8,9,8,4,0,4,2,34,-3,1,2024-03-21,0.0,0.0,0.0,0.0,0.0,0.0,,,,False
22023,1629029,22301041,"MAR 25, 2024",DAL @ UTA,W,41,10,24,0.417,2,11,0.182,7,8,0.875,2,10,12,13,1,1,4,3,29,10,1,2024-03-25,0.0,0.0,0.0,0.0,0.0,0.0,,,,False
22023,1629029,22301047,"MAR 26, 2024",DAL @ SAC,W,32,10,18,0.556,4,8,0.5,4,5,0.8,1,10,11,6,2,0,4,4,28,18,1,2024-03-26,0.0,0.0,0.0,0.0,0.0,0.0,,,,False
22023,1629029,22301073,"MAR 29, 2024",DAL @ SAC,W,41,6,14,0.429,4,8,0.5,10,14,0.714,0,9,9,12,2,0,5,2,26,6,1,2024-03-29,0.0,0.0,0.0,0.0,0.0,0.0,,,,False
22023,1629029,22301083,"MAR 31, 2024",DAL @ HOU,W,35,18,30,0.6,9,16,0.563,2,5,0.4,0,12,12,7,2,0,4,1,47,12,1,2024-03-31,0.0,0.0,0.0,0.0,0.0,0.0,,,,False
22023,1629029,22300589,"APR 02, 2024",DAL @ GSW,L,39,11,22,0.5,5,11,0.455,3,4,0.75,1,11,12,11,0,0,5,1,30,9,1,2024-04-02,0.0,0.0,0.0,0.0,0.0,0.0,,,,False
22023,1629029,22301124,"APR 04, 2024",DAL vs. ATL,W,37,8,25,0.32,6,15,0.4,3,3,1.0,0,12,12,8,2,1,5,3,25,21,1,2024-04-04,0.0,0.0,0.0,0.0,0.0,0.0,,,,False
22023,1629029,22301131,"APR 07, 2024",DAL vs. HOU,W,45,12,21,0.571,4,10,0.4,9,9,1.0,2,7,9,12,0,2,7,5,37,20,1,2024-04-07,0.0,0.0,0.0,0.0,0.0,0.0,,,,False
22023,1629029,22301144,"APR 09, 2024",DAL @ CHA,W,35,13,25,0.52,8,17,0.471,5,7,0.714,2,10,12,10,0,1,4,2,39,22,1,2024-04-09,0.0,0.0,0.0,0.0,0.0,0.0,,,,False
22023,1629029,22301161,"APR 10, 2024",DAL @ MIA,W,36,9,23,0.391,4,15,0.267,7,8,0.875,1,8,9,9,0,0,3,4,29,7,1,2024-04-10,0.0,0.0,0.0,0.0,0.0,0.0,,,,False
22024,1629029,22400074,"OCT 24, 2024",DAL vs. SAS,W,36,9,25,0.36,4,11,0.364,6,8,0.75,1,9,10,8,1,1,4,3,28,6,1,2024-10-24,0.0,0.0,0.0,0.0,0.0,0.0,,,,False
22024,1629029,22400095,"OCT 26, 2024",DAL @ PHX,L,39,12,25,0.48,5,13,0.385,11,12,0.917,1,9,10,4,0,1,2,4,40,-12,1,2024-10-26,0.0,0.0,0.0,0.0,0.0,0.0,,,,False
22024,1629029,22400110,"OCT 28, 2024",DAL vs. UTA,W,33,5,22,0.227,1,9,0.111,4,6,0.667,0,9,9,8,2,1,2,5,15,5,1,2024-10-28,0.0,0.0,0.0,0.0,0.0,0.0,,,,False
22024,1629029,22400114,"OCT 29, 2024",DAL @ MIN,W,40,10,27,0.37,1,8,0.125,3,4,0.75,1,7,8,8,1,0,3,2,24,3,1,2024-10-29,0.0,0.0,0.0,0.0,0.0,0.0,,,,False
22024,1629029,22400129,"OCT 31, 2024",DAL vs. HOU,L,38,12,25,0.48,3,7,0.429,2,4,0.5,0,5,5,2,1,0,1,5,29,-2,1,2024-10-31,0.0,0.0,0.0,0.0,0.0,0.0,,,,False
22024,1629029,22400153,"NOV 03, 2024",DAL vs. ORL,W,32,11,22,0.5,5,13,0.385,5,7,0.714,1,8,9,7,0,0,4,3,32,21,1,2024-11-03,0.0,0.0,0.0,0.0,0.0,0.0,,,,False
22024,1629029,22400165,"NOV 04, 2024",DAL vs. IND,L,42,9,24,0.375,4,10,0.4,12,15,0.8,0,7,7,15,2,0,2,3,34,-3,1,2024-11-04,0.0,0.0,0.0,0.0,0.0,0.0,,,,False
22024,1629029,22400176,"NOV 06, 2024",DAL vs. CHI,W,32,8,19,0.421,3,8,0.375,8,9,0.889,0,7,7,13,4,0,5,3,27,35,1,2024-11-06,0.0,0.0,0.0,0.0,0.0,0.0,,,,False
22024,1629029,22400190,"NOV 08, 2024",DAL vs. PHX,L,42,11,25,0.44,5,12,0.417,3,3,1.0,0,7,7,7,1,0,3,3,30,-4,1,2024-11-08,0.0,0.0,0.0,0.0,0.0,0.0,,,,False
22024,1629029,22400208,"NOV 10, 2024",DAL @ DEN,L,41,9,19,0.474,2,8,0.25,4,6,0.667,1,8,9,9,1,1,5,2,24,5,1,2024-11-10,0.0,0.0,0.0,0.0,0.0,0.0,,,,False
22024,1629029,22400007,"NOV 12, 2024",DAL @ GSW,L,41,13,27,0.481,2,10,0.2,3,3,1.0,0,8,8,6,3,0,5,2,31,2,1,2024-11-12,0.0,0.0,0.0,0.0,0.0,0.0,,,,False
22024,1629029,22400228,"NOV 14, 2024",DAL @ UTA,L,38,13,25,0.52,4,13,0.308,7,7,1.0,1,6,7,9,1,0,3,0,37,-8,1,2024-11-14,0.0,0.0,0.0,0.0,0.0,0.0,,,,False
22024,1629029,22400232,"NOV 16, 2024",DAL vs. SAS,W,28,6,16,0.375,3,9,0.333,1,3,0.333,2,4,6,6,2,0,4,4,16,15,1,2024-11-16,0.0,0.0,0.0,0.0,0.0,0.0,,,,False
22024,1629029,22400024,"NOV 19, 2024",DAL vs. NOP,W,30,10,16,0.625,3,8,0.375,3,5,0.6,0,5,5,5,3,1,3,0,26,28,1,2024-11-19,0.0,0.0,0.0,0.0,0.0,0.0,,,,False
22024,1629029,22400312,"DEC 01, 2024",DAL @ POR,W,36,15,24,0.625,4,10,0.4,2,4,0.5,0,7,7,13,3,0,3,2,36,1,1,2024-12-01,0.0,0.0,0.0,0.0,0.0,0.0,,,,False
22024,1629029,22400056,"DEC 03, 2024",DAL vs. MEM,W,40,11,22,0.5,5,9,0.556,10,16,0.625,3,9,12,4,4,1,3,4,37,16,1,2024-12-03,0.0,0.0,0.0,0.0,0.0,0.0,,,,False
22024,1629029,22400326,"DEC 05, 2024",DAL @ WAS,W,32,7,17,0.412,3,10,0.3,4,5,0.8,0,10,10,10,2,1,4,2,21,36,1,2024-12-05,0.0,0.0,0.0,0.0,0.0,0.0,,,,False
22024,1629029,22400344,"DEC 07, 2024",DAL @ TOR,W,38,9,20,0.45,6,13,0.462,6,6,1.0,0,13,13,11,4,0,4,4,30,10,1,2024-12-07,0.0,0.0,0.0,0.0,0.0,0.0,,,,False
22024,1629029,22401203,"DEC 10, 2024",DAL @ OKC,L,40,5,15,0.333,2,8,0.25,4,5,0.8,1,10,11,5,4,0,6,3,16,-14,1,2024-12-10,0.0,0.0,0.0,0.0,0.0,0.0,,,,False
22024,1629029,22401228,"DEC 15, 2024",DAL @ GSW,W,38,16,23,0.696,6,11,0.545,7,9,0.778,2,9,11,13,3,2,3,1,45,18,1,2024-12-15,0.0,0.0,0.0,0.0,0.0,0.0,,,,False
22024,1629029,22400401,"DEC 23, 2024",DAL vs. POR,W,30,10,19,0.526,1,7,0.143,6,8,0.75,1,6,7,7,1,0,3,2,27,16,1,2024-12-23,0.0,0.0,0.0,0.0,0.0,0.0,,,,False
22024,1629029,22400406,"DEC 25, 2024",DAL vs. MIN,L,16,5,9,0.556,3,5,0.6,1,1,1.0,1,4,5,2,1,0,3,1,14,-6,1,2024-12-25,0.0,0.0,0.0,0.0,0.0,0.0,,,,False
22024,1629029,22400768,"FEB 10, 2025",LAL vs. UTA,W,24,5,14,0.357,1,7,0.143,3,3,1.0,1,4,5,4,0,0,1,3,14,15,1,2025-02-10,0.05973333333333336,-0.7416333333333333,0.8611,0.5,0.5,2.0,1.0,1.0,1.0,True
22024,1629029,22400781,"FEB 12, 2025",LAL @ UTA,L,23,6,13,0.462,3,8,0.375,1,5,0.2,1,3,4,4,1,1,5,5,16,-19,1,2025-02-12,0.0,0.0,0.0,0.0,0.0,0.0,,,,False
22024,1629029,22400524,"FEB 19, 2025",LAL vs. CHA,L,33,5,18,0.278,1,9,0.111,3,4,0.75,1,10,11,8,1,0,6,5,14,13,1,2025-02-19,0.6093999999999999,0.5534666666666667,0.6653333333333333,1.0,0.0,2.0,0.5,0.0,1.0,True
22024,1629029,22400808,"FEB 22, 2025",LAL @ DEN,W,31,10,22,0.455,4,9,0.444,8,8,1.0,1,9,10,7,4,1,1,0,32,20,1,2025-02-22,0.7199,0.6584,0.7814,1.0,0.0,2.0,0.5,0.0,1.0,True
22024,1629029,22400835,"FEB 25, 2025",LAL vs. DAL,W,35,6,17,0.353,1,7,0.143,6,8,0.75,2,13,15,12,3,2,2,2,19,8,1,2025-02-25,0.7953,0.7953,0.7953,1.0,0.0,1.0,0.0,0.0,0.0,True
22024,1629029,22400849,"FEB 27, 2025",LAL vs. MIN,W,36,6,20,0.3,1,9,0.111,8,12,0.667,2,11,13,5,0,0,3,2,21,0,1,2025-02-27,0.4393666666666667,0.4393666666666667,0.4393666666666667,1.0,0.0,1.0,0.0,0.0,0.0,True
22024,1629029,22400859,"FEB 28, 2025",LAL vs. LAC,W,35,9,22,0.409,3,9,0.333,10,11,0.909,1,1,2,5,3,0,6,5,31,-13,1,2025-02-28,0.6895333333333333,0.5662666666666666,0.8128000000000001,1.0,0.0,2.0,0.5,0.0,1.0,True
22024,1629029,22400874,"MAR 02, 2025",LAL vs. LAC,W,37,9,17,0.529,5,12,0.417,6,9,0.667,0,6,6,9,2,0,6,2,29,19,1,2025-03-02,0.5797,0.5292,0.6302,1.0,0.0,2.0,1.0,1.0,1.0,True
22024,1629029,22400890,"MAR 04, 2025",LAL vs. NOP,W,34,9,19,0.474,6,13,0.462,6,11,0.545,1,7,8,15,1,1,5,0,30,37,1,2025-03-04,0.5676,0.4699,0.6653,1.0,0.0,2.0,1.0,1.0,1.0,True
22024,1629029,22400903,"MAR 06, 2025",LAL vs. NYK,W,43,9,23,0.391,4,12,0.333,10,12,0.833,0,7,7,12,4,0,5,5,32,16,1,2025-03-06,0.0,0.0,0.0,0.0,0.0,0.0,,,,False
22024,1629029,22400918,"MAR 08, 2025",LAL @ BOS,L,37,11,22,0.5,5,10,0.5,7,8,0.875,1,7,8,3,1,0,5,2,34,-19,1,2025-03-08,0.0,0.0,0.0,0.0,0.0,0.0,,,,False
22024,1629029,22400930,"MAR 10, 2025",LAL @ BKN,L,41,8,26,0.308,3,10,0.3,3,4,0.75,1,11,12,12,2,0,5,1,22,3,1,2025-03-10,0.6305166666666666,0.5590333333333334,0.702,1.0,0.0,2.0,1.0,1.0,1.0,True
22024,1629029,22400955,"MAR 13, 2025",LAL @ MIL,L,36,14,27,0.519,7,13,0.538,10,12,0.833,1,10,11,3,2,1,6,2,45,-16,1,2025-03-13,0.0,0.0,0.0,0.0,0.0,0.0,,,,False
22024,1629029,22400977,"MAR 16, 2025",LAL vs. PHX,W,40,8,20,0.4,4,11,0.364,13,14,0.929,1,10,11,8,2,0,4,4,33,16,1,2025-03-16,0.0,0.0,0.0,0.0,0.0,0.0,,,,False
22024,1629029,22400537,"MAR 17, 2025",LAL vs. SAS,W,34,5,20,0.25,1,7,0.143,10,13,0.769,2,7,9,14,3,1,3,1,21,19,1,2025-03-17,0.4658166666666667,0.23843333333333336,0.6932,1.0,0.0,2.0,1.0,1.0,1.0,True
22024,1629029,22401006,"MAR 19, 2025",LAL vs. DEN,W,32,10,21,0.476,4,9,0.444,7,10,0.7,0,8,8,7,2,1,6,3,31,20,1,2025-03-19,0.5200333333333332,0.5200333333333332,0.5200333333333332,1.0,0.0,1.0,1.0,1.0,1.0,True
22024,1629029,22401028,"MAR 22, 2025",LAL vs. CHI,L,32,10,18,0.556,8,13,0.615,6,8,0.75,4,4,8,6,0,0,7,1,34,-9,1,2025-03-22,0.6649333333333334,0.6649333333333334,0.6649333333333334,1.0,0.0,1.0,1.0,1.0,1.0,True
22024,1629029,22401038,"MAR 24, 2025",LAL @ ORL,L,38,9,23,0.391,4,10,0.4,10,11,0.909,0,7,7,7,1,0,3,2,32,-9,1,2025-03-24,0.4768666666666667,0.2215666666666667,0.7321666666666667,1.0,0.0,2.0,1.0,1.0,1.0,True
22024,1629029,22401055,"MAR 26, 2025",LAL @ IND,W,38,11,21,0.524,6,10,0.6,6,7,0.857,0,7,7,7,0,1,3,2,34,-16,1,2025-03-26,0.0,0.0,0.0,0.0,0.0,0.0,,,,False
22024,1629029,22401063,"MAR 27, 2025",LAL @ CHI,L,38,8,22,0.364,4,12,0.333,5,6,0.833,0,10,10,8,2,1,1,0,25,-1,1,2025-03-27,0.6613333333333333,0.6613333333333333,0.6613333333333333,1.0,0.0,1.0,1.0,1.0,1.0,True
22024,1629029,22401078,"MAR 29, 2025",LAL @ MEM,W,38,8,18,0.444,2,9,0.222,11,12,0.917,0,8,8,9,2,0,3,3,29,11,1,2025-03-29,0.0,0.0,0.0,0.0,0.0,0.0,,,,False
22024,1629029,22401096,"MAR 31, 2025",LAL vs. HOU,W,38,6,16,0.375,1,7,0.143,7,9,0.778,0,6,6,9,2,0,3,5,20,7,1,2025-03-31,0.0,0.0,0.0,0.0,0.0,0.0,,,,False
22024,1629029,22401117,"APR 03, 2025",LAL vs. GSW,L,38,6,17,0.353,0,6,0.0,7,7,1.0,2,6,8,7,0,1,1,3,19,-3,1,2025-04-03,0.0,0.0,0.0,0.0,0.0,0.0,,,,False
22024,1629029,22401126,"APR 04, 2025",LAL vs. NOP,W,36,10,21,0.476,4,10,0.4,11,11,1.0,0,6,6,6,0,0,2,2,35,12,1,2025-04-04,0.0,0.0,0.0,0.0,0.0,0.0,,,,False
22024,1629029,22401135,"APR 06, 2025",LAL @ OKC,W,37,11,20,0.55,5,11,0.455,3,4,0.75,1,6,7,6,2,0,2,2,30,18,1,2025-04-06,0.0,0.0,0.0,0.0,0.0,0.0,,,,False
22024,1629029,22401153,"APR 08, 2025",LAL @ OKC,L,31,7,15,0.467,3,7,0.429,6,7,0.857,0,3,3,5,0,1,3,1,23,6,1,2025-04-08,0.0,0.0,0.0,0.0,0.0,0.0,,,,False
22024,1629029,22401159,"APR 09, 2025",LAL @ DAL,W,38,16,28,0.571,7,10,0.7,6,9,0.667,1,7,8,6,4,0,3,4,45,26,1,2025-04-09,0.0,0.0,0.0,0.0,0.0,0.0,,,,False
22024,1629029,22401185,"APR 11, 2025",LAL vs. HOU,W,31,13,19,0.684,5,9,0.556,8,14,0.571,0,8,8,7,1,0,4,1,39,15,1,2025-04-11,0.8065666666666665,0.8065666666666665,0.8065666666666665,1.0,0.0,1.0,0.0,0.0,0.0,True
