SEASON_ID,Player_ID,Game_ID,GAME_DATE,MATCHUP,WL,MIN,FGM,FGA,FG_PCT,FG3M,FG3A,FG3_PCT,FTM,FTA,FT_PCT,OREB,DREB,REB,AST,STL,BLK,TOV,PF,PTS,PLUS_MINUS,VIDEO_AVAILABLE
22024,1629029,0022401185,"APR 11, 2025",LAL vs. HOU,W,31,13,19,0.684,5,9,0.556,8,14,0.571,0,8,8,7,1,0,4,1,39,15,1
22024,1629029,0022401159,"APR 09, 2025",LAL @ DAL,W,38,16,28,0.571,7,10,0.7,6,9,0.667,1,7,8,6,4,0,3,4,45,26,1
22024,1629029,0022401153,"APR 08, 2025",LAL @ OKC,L,31,7,15,0.467,3,7,0.429,6,7,0.857,0,3,3,5,0,1,3,1,23,6,1
22024,1629029,0022401135,"APR 06, 2025",LAL @ OKC,W,37,11,20,0.55,5,11,0.455,3,4,0.75,1,6,7,6,2,0,2,2,30,18,1
22024,1629029,0022401126,"APR 04, 2025",LAL vs. NOP,W,36,10,21,0.476,4,10,0.4,11,11,1.0,0,6,6,6,0,0,2,2,35,12,1
22024,1629029,0022401117,"APR 03, 2025",LAL vs. GSW,L,38,6,17,0.353,0,6,0.0,7,7,1.0,2,6,8,7,0,1,1,3,19,-3,1
22024,1629029,0022401096,"MAR 31, 2025",LAL vs. HOU,W,38,6,16,0.375,1,7,0.143,7,9,0.778,0,6,6,9,2,0,3,5,20,7,1
22024,1629029,0022401078,"MAR 29, 2025",LAL @ MEM,W,38,8,18,0.444,2,9,0.222,11,12,0.917,0,8,8,9,2,0,3,3,29,11,1
22024,1629029,0022401063,"MAR 27, 2025",LAL @ CHI,L,38,8,22,0.364,4,12,0.333,5,6,0.833,0,10,10,8,2,1,1,0,25,-1,1
22024,1629029,0022401055,"MAR 26, 2025",LAL @ IND,W,38,11,21,0.524,6,10,0.6,6,7,0.857,0,7,7,7,0,1,3,2,34,-16,1
22024,1629029,0022401038,"MAR 24, 2025",LAL @ ORL,L,38,9,23,0.391,4,10,0.4,10,11,0.909,0,7,7,7,1,0,3,2,32,-9,1
22024,1629029,0022401028,"MAR 22, 2025",LAL vs. CHI,L,32,10,18,0.556,8,13,0.615,6,8,0.75,4,4,8,6,0,0,7,1,34,-9,1
22024,1629029,0022401006,"MAR 19, 2025",LAL vs. DEN,W,32,10,21,0.476,4,9,0.444,7,10,0.7,0,8,8,7,2,1,6,3,31,20,1
22024,1629029,0022400537,"MAR 17, 2025",LAL vs. SAS,W,34,5,20,0.25,1,7,0.143,10,13,0.769,2,7,9,14,3,1,3,1,21,19,1
22024,1629029,0022400977,"MAR 16, 2025",LAL vs. PHX,W,40,8,20,0.4,4,11,0.364,13,14,0.929,1,10,11,8,2,0,4,4,33,16,1
22024,1629029,0022400955,"MAR 13, 2025",LAL @ MIL,L,36,14,27,0.519,7,13,0.538,10,12,0.833,1,10,11,3,2,1,6,2,45,-16,1
22024,1629029,0022400930,"MAR 10, 2025",LAL @ BKN,L,41,8,26,0.308,3,10,0.3,3,4,0.75,1,11,12,12,2,0,5,1,22,3,1
22024,1629029,0022400918,"MAR 08, 2025",LAL @ BOS,L,37,11,22,0.5,5,10,0.5,7,8,0.875,1,7,8,3,1,0,5,2,34,-19,1
22024,1629029,0022400903,"MAR 06, 2025",LAL vs. NYK,W,43,9,23,0.391,4,12,0.333,10,12,0.833,0,7,7,12,4,0,5,5,32,16,1
22024,1629029,0022400890,"MAR 04, 2025",LAL vs. NOP,W,34,9,19,0.474,6,13,0.462,6,11,0.545,1,7,8,15,1,1,5,0,30,37,1
22024,1629029,0022400874,"MAR 02, 2025",LAL vs. LAC,W,37,9,17,0.529,5,12,0.417,6,9,0.667,0,6,6,9,2,0,6,2,29,19,1
22024,1629029,0022400859,"FEB 28, 2025",LAL vs. LAC,W,35,9,22,0.409,3,9,0.333,10,11,0.909,1,1,2,5,3,0,6,5,31,-13,1
22024,1629029,0022400849,"FEB 27, 2025",LAL vs. MIN,W,36,6,20,0.3,1,9,0.111,8,12,0.667,2,11,13,5,0,0,3,2,21,0,1
22024,1629029,0022400835,"FEB 25, 2025",LAL vs. DAL,W,35,6,17,0.353,1,7,0.143,6,8,0.75,2,13,15,12,3,2,2,2,19,8,1
22024,1629029,0022400808,"FEB 22, 2025",LAL @ DEN,W,31,10,22,0.455,4,9,0.444,8,8,1.0,1,9,10,7,4,1,1,0,32,20,1
22024,1629029,0022400524,"FEB 19, 2025",LAL vs. CHA,L,33,5,18,0.278,1,9,0.111,3,4,0.75,1,10,11,8,1,0,6,5,14,13,1
22024,1629029,0022400781,"FEB 12, 2025",LAL @ UTA,L,23,6,13,0.462,3,8,0.375,1,5,0.2,1,3,4,4,1,1,5,5,16,-19,1
22024,1629029,0022400768,"FEB 10, 2025",LAL vs. UTA,W,24,5,14,0.357,1,7,0.143,3,3,1.0,1,4,5,4,0,0,1,3,14,15,1
22024,1629029,0022400406,"DEC 25, 2024",DAL vs. MIN,L,16,5,9,0.556,3,5,0.6,1,1,1.0,1,4,5,2,1,0,3,1,14,-6,1
22024,1629029,0022400401,"DEC 23, 2024",DAL vs. POR,W,30,10,19,0.526,1,7,0.143,6,8,0.75,1,6,7,7,1,0,3,2,27,16,1
22024,1629029,0022401228,"DEC 15, 2024",DAL @ GSW,W,38,16,23,0.696,6,11,0.545,7,9,0.778,2,9,11,13,3,2,3,1,45,18,1
22024,1629029,0022401203,"DEC 10, 2024",DAL @ OKC,L,40,5,15,0.333,2,8,0.25,4,5,0.8,1,10,11,5,4,0,6,3,16,-14,1
22024,1629029,0022400344,"DEC 07, 2024",DAL @ TOR,W,38,9,20,0.45,6,13,0.462,6,6,1.0,0,13,13,11,4,0,4,4,30,10,1
22024,1629029,0022400326,"DEC 05, 2024",DAL @ WAS,W,32,7,17,0.412,3,10,0.3,4,5,0.8,0,10,10,10,2,1,4,2,21,36,1
22024,1629029,0022400056,"DEC 03, 2024",DAL vs. MEM,W,40,11,22,0.5,5,9,0.556,10,16,0.625,3,9,12,4,4,1,3,4,37,16,1
22024,1629029,0022400312,"DEC 01, 2024",DAL @ POR,W,36,15,24,0.625,4,10,0.4,2,4,0.5,0,7,7,13,3,0,3,2,36,1,1
22024,1629029,0022400024,"NOV 19, 2024",DAL vs. NOP,W,30,10,16,0.625,3,8,0.375,3,5,0.6,0,5,5,5,3,1,3,0,26,28,1
22024,1629029,0022400232,"NOV 16, 2024",DAL vs. SAS,W,28,6,16,0.375,3,9,0.333,1,3,0.333,2,4,6,6,2,0,4,4,16,15,1
22024,1629029,0022400228,"NOV 14, 2024",DAL @ UTA,L,38,13,25,0.52,4,13,0.308,7,7,1.0,1,6,7,9,1,0,3,0,37,-8,1
22024,1629029,0022400007,"NOV 12, 2024",DAL @ GSW,L,41,13,27,0.481,2,10,0.2,3,3,1.0,0,8,8,6,3,0,5,2,31,2,1
22024,1629029,0022400208,"NOV 10, 2024",DAL @ DEN,L,41,9,19,0.474,2,8,0.25,4,6,0.667,1,8,9,9,1,1,5,2,24,5,1
22024,1629029,0022400190,"NOV 08, 2024",DAL vs. PHX,L,42,11,25,0.44,5,12,0.417,3,3,1.0,0,7,7,7,1,0,3,3,30,-4,1
22024,1629029,0022400176,"NOV 06, 2024",DAL vs. CHI,W,32,8,19,0.421,3,8,0.375,8,9,0.889,0,7,7,13,4,0,5,3,27,35,1
22024,1629029,0022400165,"NOV 04, 2024",DAL vs. IND,L,42,9,24,0.375,4,10,0.4,12,15,0.8,0,7,7,15,2,0,2,3,34,-3,1
22024,1629029,0022400153,"NOV 03, 2024",DAL vs. ORL,W,32,11,22,0.5,5,13,0.385,5,7,0.714,1,8,9,7,0,0,4,3,32,21,1
22024,1629029,0022400129,"OCT 31, 2024",DAL vs. HOU,L,38,12,25,0.48,3,7,0.429,2,4,0.5,0,5,5,2,1,0,1,5,29,-2,1
22024,1629029,0022400114,"OCT 29, 2024",DAL @ MIN,W,40,10,27,0.37,1,8,0.125,3,4,0.75,1,7,8,8,1,0,3,2,24,3,1
22024,1629029,0022400110,"OCT 28, 2024",DAL vs. UTA,W,33,5,22,0.227,1,9,0.111,4,6,0.667,0,9,9,8,2,1,2,5,15,5,1
22024,1629029,0022400095,"OCT 26, 2024",DAL @ PHX,L,39,12,25,0.48,5,13,0.385,11,12,0.917,1,9,10,4,0,1,2,4,40,-12,1
22024,1629029,0022400074,"OCT 24, 2024",DAL vs. SAS,W,36,9,25,0.36,4,11,0.364,6,8,0.75,1,9,10,8,1,1,4,3,28,6,1
